,Questions
0,"I have joined UIT Bardhaman CSE this year, 2020-2024 batch. What ..."
1,What are all the coding competitions at MIT?
2,What are internationally recognized programming competitions ...
3,How to become good at coding for competitions and college fests ...
4,How should I start practicing for coding competitions?
5,Is it worth spending a lot of time practicing for programming contests ...
6,Why do people from Eastern Europe and China now dominate ...
7,Are there any popular coding competition in Canada?
8,"As a CS undergrad, what are some hackathons and coding ..."
9,What is the future of competitive programming? Is it worth learning ...
10,JP Morgan Chase & Co. – NAMR – Coding Challenge – Data and ...
11,Google shuts down its coding competitions : r/csMajors
12,JP Morgan Chase & Co. – NAMR – Coding Challenge – Data and ...
13,Google Code Jam and Kick Start 2023 Is Cancelled. Is the trend of ...
14,Are programming competitions a good use of time? : r/programming
15,Google says goodbye to Coding Competitions - one of its longest ...
16,JP Morgan Chase & Co. – NAMR – Coding Challenge – Data and ...
17,Malaysian Teen Who Taught Herself Coding Wins Apple's Swift ...
18,50 Days Coding Challenge 2024 : r/leetcode
19,Is Competitive Programming still a hype in 2023? : r/learnprogramming
